Capital One Caf√©,(415) 248-4920,/biz_redir?url=https%3A%2F%2Fwww.capitalone.com%2Flocal%2Fsanfrancisco-unionsquare%2F%3Futm_source%3DPowerListings%26utm_medium%3DLocal%26utm_campaign%3DYext&cachebuster=1761706269&website_link_type=website&src_bizid=HdZLo3v4zNVpzx1CQjg5MA&s=01fb9ec105752c71873e474a33b35c7e999c74e06e76e1f9d0cdbb78f8c16a7c,"101 Post St San Francisco, CA 94108"
Montecristo Restaurant 2,(415) 641-6272,N/A,"3723 Mission St San Francisco, CA 94110"
Burmese Kitchen,(415) 474-5569,/biz_redir?url=http%3A%2F%2Fwww.burmesekitchen.com%2F&cachebuster=1761706295&website_link_type=website&src_bizid=cNV-WwpnXkPi881Nl-fbKQ&s=43c866c8f0a6019eeafeeee0061cf716a8714d769e60c84a5d7f16efa589f9b8,"3815 Geary Blvd San Francisco, CA 94118"
Bottega,(415) 655-8889,/biz_redir?url=https%3A%2F%2Fwww.bottegavalencia.com&cachebuster=1761706306&website_link_type=website&src_bizid=QueFVMcMlT-6aZFv2M47mg&s=14903bfa0bf3bdaf1633fbfdf04552b87e7637c577317e1577eea2f0dffd4aaa,"1132 Valencia St San Francisco, CA 94110"
Sangria And Salt,(415) 824-1502,/biz_redir?url=https%3A%2F%2Fsangriaandsalt.com&cachebuster=1761706318&website_link_type=website&src_bizid=JAHzjTlZceEypYTnGziIjw&s=0930379404b7e231e84f8b2e818ad63162fddf040933bb4e31ff77cf87a504d5,"2327 Mission St San Francisco, CA 94110"
Ingredients,(415) 594-8059,/biz_redir?url=https%3A%2F%2Fingredientssf.com&cachebuster=1761706326&website_link_type=website&src_bizid=oV9fxdymGz6dMXcQdWaBfg&s=64cfaa61bdeb90a8c1d0c1f38c4004c04e223f7ac8d3fc817dd490c9c57f433a,"1298 Church St San Francisco, CA 94114"
Bodega,(415) 655-9341,/biz_redir?url=https%3A%2F%2Fwww.bodegarestaurants.com&cachebuster=1761706339&website_link_type=website&src_bizid=uUifmxOmL8ClHXyRVsmD3Q&s=797e834f2da05bd228f52752fb93719de8e19dc12f56a1e53e3d3b6861286f67,"138 Mason St San Francisco, CA 94102"
Fog Harbor Fish House,(415) 421-2442,/biz_redir?url=https%3A%2F%2Ffogharbor.com&cachebuster=1761706356&website_link_type=website&src_bizid=f-m7-hyFzkf0HSEeQ2s-9A&s=5b36af919f4b83d2c6a2aa2b1130ae73e691ba89f092fce28bb901969dcba051,"39 Pier San Francisco, CA 94133"
Horsefeather,(415) 895-2531,/biz_redir?url=http%3A%2F%2Fwww.horsefeatherbar.com&cachebuster=1761706365&website_link_type=website&src_bizid=lUUQi1b2rV3glIn4t2I1Iw&s=2881254cd73763f890619536b1ceaa3553e567a2623b69ba60bfff16475bfff2,"528 Divisadero St San Francisco, CA 94117"
Jilli,(415) 515-8840,N/A,"1503 15th St San Francisco, CA 94103"
Shoji,N/A,/biz_redir?url=https%3A%2F%2Fshoji-sf.com&cachebuster=1761706384&website_link_type=website&src_bizid=4efDL5Sbi_rmafTeD-RW9A&s=7844bf2f423c430fb5722a1a7f4b8db32c45d059ba77a9f2ff7d7612c07c76e1,"140 New Montgomery St San Francisco, CA 94105"
Jalebi Street,(408) 504-5183,N/A,"1466 Haight St San Francisco, CA 94117"
Marufuku Ramen,(415) 872-9786,/biz_redir?url=https%3A%2F%2Fwww.marufukuramen.com%2Flocations-1&cachebuster=1761706407&website_link_type=website&src_bizid=HHtpR0RslupSQ99GIIwW5A&s=81701e6b46f54f9f0e51ac4e8dbf7dc952d9d396520773f54fd479678b7efc38,"1581 Webster St Ste 235 San Francisco, CA 94115"
Topgolf,(650) 523-6448,/biz_redir?url=https%3A%2F%2Ftopgolf.com%2Fus%2Fburlingame%2F%3Futm_source%3Dyelp%26utm_medium%3Dreferral%26utm_campaign%3Dyelp_url&cachebuster=1761706421&website_link_type=website&src_bizid=2rvzTYaiXlqtBe5ZhNDiXA&s=a6f55bf75cbbbe21d76acbdb6c6b32c9cf9d9017598de6fe26e2454c1ce03f84,"258 Anza Blvd Burlingame, CA 94010"
Dave & Buster's Daly City,(415) 840-9300,/biz_redir?url=https%3A%2F%2Fwww.daveandbusters.com%2Fus%2Fen%2Fabout%2Flocations%2Fdaly-city&cachebuster=1761706432&website_link_type=website&src_bizid=E8PE-pQIlWAFloPZEctb3A&s=65dd89ea9b4ba9d4e2b6a386bae229d5010e1da471a16cc409137fd52854c91c,"130 Serramonte Ctr Daly City, CA 94015"
Montecristo Restaurant 2,(415) 641-6272,N/A,"3723 Mission St San Francisco, CA 94110"
Old Skool Cafe,(415) 822-8531,/biz_redir?url=https%3A%2F%2Fwww.oldskoolcafe.org&cachebuster=1761706454&website_link_type=website&src_bizid=2oj_6uCp4DgVTJhYqEmBbA&s=e8f68cd7b62f9f6283657b955b74fb7080ada6cfed8c0cb65b24035fbcf423b4,"1429 Mendell St San Francisco, CA 94124"
Daeho Kalbijjim & Beef Soup,(415) 563-1388,/biz_redir?url=https%3A%2F%2Fwww.daeho-kalbijjim.com&cachebuster=1761706465&website_link_type=website&src_bizid=dY0Mc_PHH6nLENvWmVtwxQ&s=0e9df57f58c13ca410cbf7b82851a9e511c484a2d9b49548ccdd233110450e6e,"1620 Post St San Francisco, CA 94115"
Blind Butcher,(415) 529-2478,/biz_redir?url=https%3A%2F%2Fblindbutcher.com&cachebuster=1761706474&website_link_type=website&src_bizid=ZSzXw0NgJTyOzcHwKY5eMA&s=a2f8fa39b60b5fa8eaef13539e280ee29a85f0006270f8018d7e871ec5b8b48e,"4058 18th St San Francisco, CA 94114"
Hwa Mi Won,(415) 742-4220,N/A,"6314 Geary Blvd San Francisco, CA 94121"
Sotto Mare,(415) 398-3181,/biz_redir?url=http%3A%2F%2Fwww.sottomaresf.com%2F&cachebuster=1761706497&website_link_type=website&src_bizid=8dUaybEPHsZMgr1iKgqgMQ&s=fb26d899ce04b4346a64015a576e2d0213922adb2cb9b0339d837acfdb0cacb2,"552 Green St San Francisco, CA 94133"
Sisterita,(415) 649-1919,/biz_redir?url=https%3A%2F%2Fwww.sisterita.com&cachebuster=1761706519&website_link_type=website&src_bizid=THpTY0X_xwRzUL7wYD6dDg&s=a5fc5f6412f9f09a205b42f35a914e24f89fb3e988e5463f664c0aa30d28e797,"669 Commercial St San Francisco, CA 94111"
Nopa,(415) 864-8643,/biz_redir?url=http%3A%2F%2Fwww.nopasf.com&cachebuster=1761706538&website_link_type=website&src_bizid=ttarnopezxmp2ROB1N2PaA&s=d243868a25d1bf40ae9c6c8e8d1fea0a1af537e6e5e8bd963a20ff29b06f7d3c,"560 Divisadero St San Francisco, CA 94117"
The Snug,N/A,/biz_redir?url=http%3A%2F%2Fwww.thesnugsf.com&cachebuster=1761706553&website_link_type=website&src_bizid=_hOVIgjVRl_HzvLaa65KJg&s=d69642fdd2bc1dfe7df58e7a88cde361f0c38744a9660a39cb60dadfef9e9af0,"2301 Fillmore St San Francisco, CA 94115"
Cha Cha Cha,(415) 386-7670,/biz_redir?url=http%3A%2F%2Fwww.chachachasf.com&cachebuster=1761706567&website_link_type=website&src_bizid=kOYj2sGMZnyC1lU-_Uw5fA&s=8a13ef75e6882a5a31046583c2757e2e798400c8c4432990d303a2feb0723eeb,"1801 Haight St San Francisco, CA 94117"
Hardwood Bar & Smokery,(415) 796-2437,/biz_redir?url=http%3A%2F%2Fwww.hardwoodsf.com&cachebuster=1761706583&website_link_type=website&src_bizid=pLBEfh2qKNa_9Z9V84XPRw&s=c70cd7f66547ff05dcb3afda9360aa91699d81d7cc327b33fca8763d6b981440,"680 8th St Ste 170 San Francisco, CA 94103"
